【整租】上海湾流国际社区 江桥新城 湾流江桥店,江桥新城,b'2900-3400',http://bj.58.com///legoclick.58.com/cpaclick?target=pZwY0jCfsLPCsWN3shPfUiqkpyOkmy-MUvOMXgNfn1NzrHbYnW0vPjcOPjF3sMPCIAd_TyEVmW76njKBnHmVrHELnaYYnvc1sHb1nhcVnAFBuW9zP1TQmHN1THNYnWTYPjTkrjE1njcQTED1PHcOrHEzP1mYnWbYn9DvnjTknjTKPWTknjTkTH0knHnYTHcKnHN1PW91PW0kPHTdn9DQTNujsgKWsyQG0Lw_uyuYTHDKnEDKsHDKTHcYrHN1nWTdPWNLrHT3rTDkTHDQnWc3rWDknjKxn1TknTDQTHcLPANdmHwbsynOrHnVPjnYPzY3PAwbsHN3Pv7WrHNdPAFbu9DzPHnLrj9OPH0zPjbdPHcKnWN1P193rHNLnWnQnHDzTEDYnW9zTHcKni3kTEDVTEDKpZwY0jCfsLPCsWN3shPfUiqkpyOkmy-MUvOMXgNf0A3fnit4Uy-80ZFGmvNqnHTkn7t1njTkTEDQnHE8rHD8rjb8nTDkTyOdUAkKni3kTHEzrjcKXLYKnHTknjmKnWTOPAmYnhDVnWTOmiYYPW91syDknWNVuh76rjD3uAFbuHP6TyEOn16BrHu6m1w6PHmdm19&tid=2094f42a-209a-4683-a025-faa818dbde3a
【整租】外高桥 高桥二村 1室1厅,高桥二村,b'2380',http://bj.58.com///legoclick.58.com/cpaclick?target=pZwY0jCfsLPCsWN3shPfUiqkpyOkmy-MUvOMXgNfn1T3P1NYn1nzrHmdrj-3sMPCIAd_TyEVmW76njKBnHmVrHELnaYYnvc1sHb1nhcVnAFBuW9zP1TQmHN1THELPj0vPjcznWEOnWnzTED1nj9LPHE1n1cOPWN3rEDvnjTknjTKPWTknjTkTH0knHnYTHcKnHN1PW91PW0kPHTdn9DzTNujsgKWsyQG0Lw_uyuYTHDKnEDKsHDKTHcYrHDQPH0dP1n3njmYnTDkTHDQnWc3rWDknjKxn1TknTDQTyD3mWI6njDLsHbknADVPAcQuiYOuhwBsHmLrHI6mW03mvE1P9DzPjbQnHNLPHbvnH9kP1cKnWEOnHDdP1NOPWTQPW9kTEDYnW9zTHcKni3kTEDVTEDKpZwY0jCfsLPCsWN3shPfUiqkpyOkmy-MUvOMXgNf0A3fnit4Uy-80ZFGmvNqnHTkn7t1njTkTEDQnHE8rHD8rjb8nTDkTyOdUAkKni3kTHEzrjcKXLYKnHTknjmKPHckPynQujEVuH91mzYYujubsH6bujnVm1P-nhnOrynzuWFhTy7hPyubPHuWujP6rAcQryE&tid=5205c1d4-e83c-4d6d-8dd3-c3e2c99c2f2f
【合租】真如 恒力锦沧花园 2室主卧,恒力锦沧花园,b'2500',http://bj.58.com///legoclick.58.com/cpaclick?target=pZwY0jCfsLPCsWN3shPfUiqkpyOkmy-MUvOMXgNfn1NzP1bzrHELPj9znWP3sMPCIAd_TyEVmW76njKBnHmVrHELnaYYnvc1sHb1nhcVnAFBuW9zP1TQmHN1THEdnWEYPW9OPHcdnWm1TED1PHcLrHcOPj0YrjcznkDvnjTknjTKPWTknjTkTH0knHnYTHcKnHN1PW91PW0kPHTdn9D1TNujsgKWsyQG0Lw_uyuYTHDKnEDKsHDKTHcYrHcLnjcvrHcQPj0YPTDkTHDQnWc3rWDknjKxn1TknTDQTHw-mhc3PAF-sHb3PWcVPjPBrid6n16WsynduWEdPhwbuyPWPTDzPHnvnW03rHEQnH9Ynj9KnWN1PWcLrjbYnHTznjnzTEDYnW9zTHcKni3kTEDVTEDKpZwY0jCfsLPCsWN3shPfUiqkpyOkmy-MUvOMXgNf0A3fnit4Uy-80ZFGmvNqnHTkn7t1njTkTEDQnHE8rHD8rjb8nTDkTyOdUAkKni3kTHEzrjcKXLYKnHTknjmKmHN3n1whrjTVmhu-PaYYmHDQsHbkPvDVPANQmhnYPyc3nW9LTHbkuHRWmWFBPAw-nHbdnHb&tid=a5834f80-bfe4-4a11-907a-4e1bc45b8287
【合租】周浦 双秀家园 4室主卧,双秀家园,b'1850',http://bj.58.com///legoclick.58.com/cpaclick?target=pZwY0jCfsLPCsWN3shPfUiqkpyOkmy-MUvOMXgNfn1NznjDYnjmOn1nYnH63sMPCIAd_TyEVmW76njKBnHmVrHELnaYYnvc1sHb1nhcVnAFBuW9zP1TQmHN1THEdnWEYPW9OPHcdnWm1TED1PHcknHEkPWb1n1EQrTDvnjTknjTKPWTknjTkTH0knHnYTHcKnHN1PW91PW0kPHTdn9DYTNujsgKWsyQG0Lw_uyuYTHDKnEDKsHDKTHcYrHcLnjcvrHcQPj0YPTDkTHDQnWc3rWDknjKxn1TknTDQTyDYmWbvmW91syczmHNVPjEkmzd6nhnYsH9QmycdPjFbmHIhu9DzPHnknjELrHDdrHcOP1mKnWN1njTYP1bQPH03PWnzTEDYnW9zTHcKni3kTEDVTEDKpZwY0jCfsLPCsWN3shPfUiqkpyOkmy-MUvOMXgNf0A3fnit4Uy-80ZFGmvNqnHTkn7t1njTkTEDQnHE8rHD8rjb8nTDkTyOdUAkKni3kTHEzrjcKXLYKnHTknjmKPh7-P1NYPW0VuWDYniYYmWFhsycduWmVmy7WPAmYP1DYn1NLTHF-uyFWPj7BrjNzmW03nWN&tid=6ae75467-f141-4b2f-b5f6-aac4f4714357
【合租】松江新城 祥和花苑(公寓) 4室次卧,松江新城,b'1500',http://bj.58.com///legoclick.58.com/cpaclick?target=pZwY0jCfsLPCsWN3shPfUiqkpyOkmy-MUvOMXgNfn1N1nHDvn10vnHT3nWF3sMPCIAd_TyEVmW76njKBnHmVrHELnaYYnvc1sHb1nhcVnAFBuW9zP1TQmHN1THEYPW0YnjbQPjm3PHmvTED1PHnQnHm1P1mQnj9zn9DvnjTknjTKPWTknjTkTH0knHnYTHcKnHN1PW91PW0kPHTdn9DdTNujsgKWsyQG0Lw_uyuYTHDKnEDKsHDKTHcdnHc1n1mOnHDQnWEvPTDkTHDQnWc3rWDknjKxn1TknTDQTHm1nWcvPW0Osyc3nhmVPARhniY3uANvsH0YPvcLuAmdnWRWPEDzPHn3rjmvn1mOrHEdP1mKnWN1rj9vPWnvrH03nH9YTEDYnW9zTHcKni3kTEDVTEDKpZwY0jCfsLPCsWN3shPfUiqkpyOkmy-MUvOMXgNf0A3fnit4Uy-80ZFGmvNqnHTkn7t1njTkTEDQnHE8rHD8rjb8nTDkTyOdUAkKni3kTHEzrjcKXLYKnHTknjmKPWTzPyEYPAnVuyubPaYYmHEYsyD1PHEVmWF-uhNOmvnzujbYTH6bnWcznhu-PWNLm1T3PAm&tid=6025d44c-efd4-4a44-a354-b2efe9cc2d94
【合租】泗泾 泗泾新苑 4室主卧,泗泾新苑,b'2300',http://bj.58.com///legoclick.58.com/cpaclick?target=pZwY0jCfsLPCsWN3shPfUiqkpyOkmy-MUvOMXgNfn1NknHn1PH93rHn3rH-3sMPCIAd_TyEVmW76njKBnHmVrHELnaYYnvc1sHb1nhcVnAFBuW9zP1TQmHN1THEYPW0YnjbQPjm3PHmvTED1PHTQn1ndrj9On19OrEDvnjTknjTKPWTknjTkTH0knHnYTHcKnHN1PW91PW0kPHTdn9DvTNujsgKWsyQG0Lw_uyuYTHDKnEDKsHDKTHcdnHc1n1mOnHDQnWEvPTDkTHDQnWc3rWDknjKxn1TknTDQTymdrHI6P17BsH-BrHDVPjTkPid6n1RhsyEvuHcQnhFhujD3nTDzPHDdnjTYnj0znWc1njEKnWNQPHTkPjTLnWTLrHEYTEDYnW9zTHcKni3kTEDVTEDKpZwY0jCfsLPCsWN3shPfUiqkpyOkmy-MUvOMXgNf0A3fnit4Uy-80ZFGmvNqnHTkn7t1njTkTEDQnHE8rHD8rjb8nTDkTyOdUAkKni3kTHEzrjcKXLYKnHTknjmKrycOmvDkPvDVuyw6riYYnymQsycLm1TVuhcQPv76PhEYmW0zTyELPvR6nj-brAD1mWNLPW0&tid=9b9ca07a-eda9-41f1-b7c0-fb17aa6d4b72
【整租】洞泾 齐康苑 1室1厅,齐康苑,b'2750',http://bj.58.com///legoclick.58.com/cpaclick?target=pZwY0jCfsLPCsWN3shPfUiqkpyOkmy-MUvOMXgNfn1NkPj0zn1EYnW9Ln1F3sMPCIAd_TyEVmW76njKBnHmVrHELnaYYnvc1sHb1nhcVnAFBuW9zP1TQmHN1THEYPW0YnjbQPjm3PHmvTED1PHTYP1c1PjEzrj01n9DvnjTknjTKPWTknjTkTH0knHnYTHcKnHN1PW91PW0kPHTdn9DLTNujsgKWsyQG0Lw_uyuYTHDKnEDKsHDKTHcdnHc1n1mOnHDQnWEvPTDkTHDQnWc3rWDknjKxn1TknTDQTHPBuWNOnvmYsyn1uyDVPjb1nad6mhPWsHPhPvDdnW7Bm1F6uEDzPHDLP1DYnHDdn1N3rjTKnWNQP10QPjDQPHckPHckTEDYnW9zTHcKni3kTEDVTEDKpZwY0jCfsLPCsWN3shPfUiqkpyOkmy-MUvOMXgNf0A3fnit4Uy-80ZFGmvNqnHTkn7t1njTkTEDQnHE8rHD8rjb8nTDkTyOdUAkKni3kTHEzrjcKXLYKnHTknjmKrjR6my7BrynVuWTLPiYYuh7bsH-hnjTVuHT3PjEvmWcQnW6-THubrHb1rjn1ryRWrHTzPjc&tid=85aaab9c-f075-4fad-9f00-e08446b2128e
【合租】张江 玉兰香苑(四期) 4室次卧,玉兰香苑(四期),b'2080',http://bj.58.com///legoclick.58.com/cpaclick?target=pZwY0jCfsLPCsWN3shPfUiqkpyOkmy-MUvOMXgNfn1N1njcOPjDQPH9LnHK3sMPCIAd_TyEVmW76njKBnHmVrHELnaYYnvc1sHb1nhcVnAFBuW9zP1TQmHN1THEYPW0Ynj9OPHmYrHNkTED1PHnknWbYnHDdrj0QnTDvnjTknjTKPWTknjTkTH0knHnYTHcKnHN1PW91PW0kPHTdnkD3TNujsgKWsyQG0Lw_uyuYTHDKnEDKsHDKTHcYrHDQPH9YrjTLrjnYPTDkTHDQnWc3rWDknjKxn1TknTDQTH-bnWbYrHNLsH7brHTVPADQnidBPWPbsyDQrAELP16hrj6bPkDzPHn3nH0kPWN1rjcOnWTKnWN1rjDLnjmdn10YP1c3TEDYnW9zTHcKni3kTEDVTEDKpZwY0jCfsLPCsWN3shPfUiqkpyOkmy-MUvOMXgNf0A3fnit4Uy-80ZFGmvNqnHTkn7t1njTkTEDQnHE8rHD8rjb8nTDkTyOdUAkKni3kTHEzrjcKXLYKnHTknjmKPyP6PjDYuhnVPj7BPiYYmHK-syDzPHcVrA7Wn17hnADOujT1TyPBnj9vryFWrANQmymvuHc&tid=5ca414fc-41b5-4a0e-a252-8ac31f0a9d03
【整租】外高桥 潼港六村 1室1厅,潼港六村,b'2880',http://bj.58.com///legoclick.58.com/cpaclick?target=pZwY0jCfsLPCsWN3shPfUiqkpyOkmy-MUvOMXgNfn1DQPWEdrH9Yn1DdPj63sMPCIAd_TyEVmW76njKBnHmVrHELnaYYnvc1sHb1nhcVnAFBuW9zP1TQmHN1THELPj0vPjcznWEOnWnzTED1nHDvPjNOrjE1nHNYrTDvnjTknjTKPWTknjTkTH0knHnYTHcKnHN1PW91PW0kPHTdnkDOTNujsgKWsyQG0Lw_uyuYTHDKnEDKsHDKTHcYrHDQPH0dP1n3njmYnTDkTHDQnWc3rWDknjKxn1TknTDQTH03Pjmvmyc3syDdn1nVPAEYriYOnAcOsHbdn1DQrjNOmHE1P9DzPjbQnHNLPWTOnHnYPjTKnWEOnHDdP1mkrjbYrH9YTEDYnW9zTHcKni3kTEDVTEDKpZwY0jCfsLPCsWN3shPfUiqkpyOkmy-MUvOMXgNf0A3fnit4Uy-80ZFGmvNqnHTkn7t1njTkTEDQnHE8rHD8rjb8nTDkTyOdUAkKni3kTHEzrjcKXLYKnHTknjmKnjPWnvF6nW0VPWcLPaYYP1N1sy7-PhcVP10vrjK6uAcznvmQTym1njPWn1EvuH0zmWNkrjD&tid=03c3ba27-6274-4753-ae6b-77680adb23f1
【合租】张江 张江公馆 3室次卧,张江公馆,b'2600',http://bj.58.com///legoclick.58.com/cpaclick?target=pZwY0jCfsLPCsWN3shPfUiqkpyOkmy-MUvOMXgNfn1EkP1T1PWN1PHn1rj-3sMPCIAd_TyEVmW76njKBnHmVrHELnaYYnvc1sHb1nhcVnAFBuW9zP1TQmHN1THEYPW0Ynj9OPHmYrHNkTED1PjTLnjnvPHndn1n3rEDvnjTknjTKPWTknjTkTH0knHnYTHcKnHN1PW91PW0kPHTdnkDQnT7AEzdkmzd_pgPYUARhITDQTHDKTiYQTEDzPjbQnHN3Pj9kP191PjEKnTDQnHczrjCQnjTkg1nknjTKnE7BmHIbPH-6naYLrHDLsHwWuWbVmWnQPBdhnW9Ym1cYnHwbP1EKnWEOnHDvPjbznWc1PHTYTHcYrHDQPWEOnWckP1DQn9DKPjc3n9DzTHD8nTDKsEDKTy6YIZTlszq1pa3draOWUvYf0A-80A7Guvq8uL-dsLK8s1Df5vdGUMKzpyP-5HDknjKxn1TknTDKnHDYsWbQsW9OsWTKnT78IyQ_THD8nTDYnW9zTgVqTHDknjTvTH6hrjuWrAw-sHKWmvDVPjE1uad6nWn1syu-uWczuAmLmW7Wu976mHEQmW0QP166PjDdrHbz&tid=8f86c8de-0cca-443d-a233-fef22df7b1cf
【合租】唐镇 唐丰苑 3室次卧,唐丰苑,b'1200',http://bj.58.com///legoclick.58.com/cpaclick?target=pZwY0jCfsLPCsWN3shPfUiqkpyOkmy-MUvOMXgNfn1NQPW0OnHndrjczP1K3sMPCIAd_TyEVmW76njKBnHmVrHELnaYYnvc1sHb1nhcVnAFBuW9zP1TQmHN1THEYPW0YnjbkrjnYnHb3TED1PHDvP1bQn1N3nWcLnTDvnjTknjTKPWTknjTkTH0knHnYTHcKnHN1PW91PW0kPHTdnkDQnE7AEzdkmzd_pgPYUARhITDQTHDKTiYQTEDzPjbQnHmQnW9vPjDkPjTKnTDQnHczrjCQnjTkg1nknjTKnEDkmywhnHEOuBYOuAFWsHE1nWmVmhDdnBdbPH9vnhE1rAPWnjEKnWNzP1nvrjEYP1mvnWDvTHcdnW01PW9YPj0Yrj9QP9DKPjc3n9DzTHD8nTDKsEDKTy6YIZTlszq1pa3draOWUvYf0A-80A7Guvq8uL-dsLK8s1Df5vdGUMKzpyP-5HDknjKxn1TknTDKnHDYsWbQsW9OsWTKnT78IyQ_THD8nTDYnW9zTgVqTHDknjTvTHEOuj6BPhcvsHTdnAmVPAmvrid6nHmvsHNLmHRbnWcLmH0LnTDLPWDQuHRBP1K6uAn3rHmk&tid=49d8b6b6-050f-4f69-a166-57a5d227a770
【整租】上海湾流国际社区 江桥新城 湾流江桥店,江桥新城,b'2700',http://bj.58.com///legoclick.58.com/cpaclick?target=pZwY0jCfsLPCsWN3shPfUiqkpyOkmy-MUvOMXgNfn1NzrHbYrHDQP1mzPH73sMPCIAd_TyEVmW76njKBnHmVrHELnaYYnvc1sHb1nhcVnAFBuW9zP1TQmHN1THNYnWTYPjTkrjE1njcQTED1PHcOrHEOnHDLPWcdnEDvnjTknjTKPWTknjTkTH0knHnYTHcKnHN1PW91PW0kPHTdnkDQn97AEzdkmzd_pgPYUARhITDQTHDKTiYQTEDzPjbdn1ckPHmdP1bkrj9KnTDQnHczrjCQnjTkg1nknjTKnE7Wrjn1ujEQniYLmvwbsHEvuhDVrHcLnBY3rHDknHcLuAEzrHbKnWN1P19OPjmdPHnzPjnzTHcdn103rHEvPHNQP1TvPTDKPjc3n9DzTHD8nTDKsEDKTy6YIZTlszq1pa3draOWUvYf0A-80A7Guvq8uL-dsLK8s1Df5vdGUMKzpyP-5HDknjKxn1TknTDKnHDYsWbQsW9OsWTKnT78IyQ_THD8nTDYnW9zTgVqTHDknjTvTHcYmynLPhF6sHD1m1DVPj0dnBdBrHNksycdmvNduHbYn1b3m97brHD3mycdnAD3rHn3PyFW&tid=24ac76ba-13c1-4752-b950-b5ce5e94398b
【合租】张江 申城佳苑二期A块 3室主卧,申城佳苑二期A块,b'1600',http://bj.58.com///legoclick.58.com/cpaclick?target=pZwY0jCfsLPCsWN3shPfUiqkpyOkmy-MUvOMXgNfn1NQnHc3nWTOn10YnjP3sMPCIAd_TyEVmW76njKBnHmVrHELnaYYnvc1sHb1nhcVnAFBuW9zP1TQmHN1THEYPW0YnjbkrjnYnHb3TED1PHDQnW9znjb1P1EknkDvnjTknjTKPWTknjTkTH0knHnYTHcKnHN1PW91PW0kPHTdnkDQnk7AEzdkmzd_pgPYUARhITDQTHDKTiYQTEDzPjbQnHmQnW9vPjDkPjTKnTDQnHczrjCQnjTkg1nknjTKnE7bmW9YuymYnzYvuhF-sHEYmyEVrjNknad-nymQuW6hnHPhPjDKnWNznWbvnHT1PWTYnWNvTHcdnWcOPWDkn1N3rj93nTDKPjc3n9DzTHD8nTDKsEDKTy6YIZTlszq1pa3draOWUvYf0A-80A7Guvq8uL-dsLK8s1Df5vdGUMKzpyP-5HDknjKxn1TknTDKnHDYsWbQsW9OsWTKnT78IyQ_THD8nTDYnW9zTgVqTHDknjTvTycdrH6WmHNdsHmvPhcVPjuWPBd6PHPbsyRbuWPhPhczmhmdu9D3P1TQrjPhrAcLnj-Wnhnv&tid=b598ca55-666b-46c6-a53d-edf3f6b2bf5f
【合租】周浦 双秀家园(南园) 3室次卧,双秀家园(南园),b'1500',http://bj.58.com///legoclick.58.com/cpaclick?target=pZwY0jCfsLPCsWN3shPfUiqkpyOkmy-MUvOMXgNfn1Nzn1E1njb1njbvPjI3sMPCIAd_TyEVmW76njKBnHmVrHELnaYYnvc1sHb1nhcVnAFBuW9zP1TQmHN1THEdnWEYPW9OPHcdnWm1TED1PHc1PjnkrHnkrHmYPkDvnjTknjTKPWTknjTkTH0knHnYTHcKnHN1PW91PW0kPHTdnkDQPT7AEzdkmzd_pgPYUARhITDQTHDKTiYQTEDzPjbzP1TzPWbznHELPjEKnTDQnHczrjCQnjTkg1nknjTKnE7buWnYPWn1nadhuyD1sHEvuyEVrAcQuBYLP1cLn1wWPyDvPjcKnWN1nWm3njDkPHb1n1TYTHcdn1cvrjTQnjNLP1bzrTDKPjc3n9DzTHD8nTDKsEDKTy6YIZTlszq1pa3draOWUvYf0A-80A7Guvq8uL-dsLK8s1Df5vdGUMKzpyP-5HDknjKxn1TknTDKnHDYsWbQsW9OsWTKnT78IyQ_THD8nTDYnW9zTgVqTHDknjTvTH01m16Wn1NksHKbnynVPjwWuBd6nWmvsHEdrjwhnhE3mywWrTDvuHT1rycQPhmvrHmkPHbL&tid=73c8c350-0d1c-44cf-a266-4584f2d8adc8
【整租】外高桥 学前二村 1室1厅,学前二村,b'2380',http://bj.58.com///legoclick.58.com/cpaclick?target=pZwY0jCfsLPCsWN3shPfUiqkpyOkmy-MUvOMXgNfn1cvP1mOrH9OP1mdP1-3sMPCIAd_TyEVmW76njKBnHmVrHELnaYYnvc1sHb1nhcVnAFBuW9zP1TQmHN1THELPj0vPjcznWEOnWnzTED1nWmLPWbOrjbLPWNLrEDvnjTknjTKPWTknjTkTH0knHnYTHcKnHN1PW91PW0kPHTdnkDQPE7AEzdkmzd_pgPYUARhITDQTHDKTiYQTEDzPjbQnHNLPH01rjTvPjTKnTDQnHczrjCQnjTkg1nknjTKnED1ujIWm1b3midWnW0QsHEQmvEVrH0vmzYQm176mycvPymYP1cKnWEOnHDvn1mvnjm3P1mkTHcYrHDQPWnvPWTdnjnznTDKPjc3n9DzTHD8nTDKsEDKTy6YIZTlszq1pa3draOWUvYf0A-80A7Guvq8uL-dsLK8s1Df5vdGUMKzpyP-5HDknjKxn1TknTDKnHDYsWbQsW9OsWTKnT78IyQ_THD8nTDYnW9zTgVqTHDknjTvTHnkP19kP1ubsymYPyNVPjEvnad6nvm1sy76Pj-Wrj7buyF-Pk7WmWmduHNYnHu6m1PWmhEd&tid=3078076d-f45e-4460-a3f3-aa49c81debe7
【整租】外高桥 凌桥一村 1室1厅,凌桥一村,b'2680',http://bj.58.com///legoclick.58.com/cpaclick?target=pZwY0jCfsLPCsWN3shPfUiqkpyOkmy-MUvOMXgNfn1cvrjbOPj0LnWDkn163sMPCIAd_TyEVmW76njKBnHmVrHELnaYYnvc1sHb1nhcVnAFBuW9zP1TQmHN1THELPj0vPjcznWEOnWnzTED1nWm3rHbYP10znHT1rTDvnjTknjTKPWTknjTkTH0knHnYTHcKnHN1PW91PW0kPHTdnkDQP97AEzdkmzd_pgPYUARhITDQTHDKTiYQTEDzPjbQnHNLPH01rjTvPjTKnTDQnHczrjCQnjTkg1nknjTKnED1nvNOPW6bmzdbPjndsHELrHbVmWmznBYQPvRbmvE3PWNzP1DKnWEOnHDvn1mznHT1rjnzTHcYrHDQPWnvnWT3PWEQP9DKPjc3n9DzTHD8nTDKsEDKTy6YIZTlszq1pa3draOWUvYf0A-80A7Guvq8uL-dsLK8s1Df5vdGUMKzpyP-5HDknjKxn1TknTDKnHDYsWbQsW9OsWTKnT78IyQ_THD8nTDYnW9zTgVqTHDknjTvTH6bmvmvP1bvsHF6rAmVPAmvuadBnWRhsyEYPADLm19vrAPWrT7hnvuhnHKWnHbOmym3nyDY&tid=8dcf6796-2a8f-4f6d-b25f-d44a7c868cc8
【合租】周浦 鑫源物业小区 4室次卧,鑫源物业小区,b'1400',http://bj.58.com///legoclick.58.com/cpaclick?target=pZwY0jCfsLPCsWN3shPfUiqkpyOkmy-MUvOMXgNfn1N1nHD1nHDYPWNOnHP3sMPCIAd_TyEVmW76njKBnHmVrHELnaYYnvc1sHb1nhcVnAFBuW9zP1TQmHN1THEdnWEYPW9OPHcdnWm1TED1PHnQnHnQnHEvPHbQnkDvnjTknjTKPWTknjTkTH0knHnYTHcKnHN1PW91PW0kPHTdnkDQPk7AEzdkmzd_pgPYUARhITDQTHDKTiYQTEDzPjbzP1TzPWbznHELPjEKnTDQnHczrjCQnjTkg1nknjTKnE7BuH9LPAN3uidBmyDYsHEkPvNVrAn1uaYknywWP1RBPHTzPHDKnWN1rj9YnjcLrj01n1DzTHcdn193PjTzP19YP1m3rTDKPjc3n9DzTHD8nTDKsEDKTy6YIZTlszq1pa3draOWUvYf0A-80A7Guvq8uL-dsLK8s1Df5vdGUMKzpyP-5HDknjKxn1TknTDKnHDYsWbQsW9OsWTKnT78IyQ_THD8nTDYnW9zTgVqTHDknjTvTywWrANzmHbksHDkPjcVPjubPaY3myF-sy76uhcLuHR6mvcvmkDvnWmLmyEOmhD1PWnLnW9Y&tid=dc8e2a90-1042-46d4-8abe-aafb7e5acb6c
【整租】上海冠寓 浦江 上海东城一路店,浦江,b'2500-2650',http://bj.58.com///legoclick.58.com/cpaclick?target=pZwY0jCfsLPCsWN3shPfUiqkpyOkmy-MUvOMXgNfn1EOrjNkPj9knWcdrH73sMPCIAd_TyEVmW76njKBnHmVrHELnaYYnvc1sHb1nhcVnAFBuW9zP1TQmHN1THNkPjn3nHTknHc1rHDLTED1Pjb3PHTYrjTznWNOnEDvnjTknjTKPWTknjTkTH0knHnYTHcKnHN1PW91PW0kPHTdnkDQrT7AEzdkmzd_pgPYUARhITDQTHDKTiYQTEDzPHDzP1n3Pj0QnHELPW9KnTDQnHczrjCQnjTkg1nknjTKnED1uWI-n1PWuBYLnjPbsHEvPHnVrjDvrid-P1EzrHnLP1EQPvcKnWNQnW01rHcknW9YPW93THcdnHcLn1bznjcvP1c3nTDKPjc3n9DzTHD8nTDKsEDKTy6YIZTlszq1pa3draOWUvYf0A-80A7Guvq8uL-dsLK8s1Df5vdGUMKzpyP-5HDknjKxn1TknTDKnHDYsWbQsW9OsWTKnT78IyQ_THD8nTDYnW9zTgVqTHDknjTvTHK-rH-WuAN1sHmdrjmVPjcQmzdBujuhsH0zmHF6P19QnAcYm9DzPAP6n1u6rj0Qny7WuymO&tid=0e99cde3-6586-421c-bd6f-72a2a7810b4b
【整租】松江大学城 山水景苑(公寓) 1室0厅,松江大学城,b'2200',http://bj.58.com///legoclick.58.com/cpaclick?target=pZwY0jCfsLPCsWN3shPfUiqkpyOkmy-MUvOMXgNfn1NzPWELrHEznWn1njP3sMPCIAd_TyEVmW76njKBnHmVrHELnaYYnvc1sHb1nhcVnAFBuW9zP1TQmHN1THEYPW0YnjbQPjm3PHmvTED1PHcvPj0OPjczn1nknkDvnjTknjTKPWTknjTkTH0knHnYTHcKnHN1PW91PW0kPHTdnkDQrE7AEzdkmzd_pgPYUARhITDQTHDKTiYQTEDzPHDzn1nvrHDQnHcYPWEKnTDQnHczrjCQnjTkg1nknjTKnEDzPhR6PHNLniYOm1mOsHwWPyNVryD1PidBPjTvrjnOm1RWm1EKnWN1PHDQrj9OrH0knWTkTHcdn1NQnH93rHbdPW9Ln9DKPjc3n9DzTHD8nTDKsEDKTy6YIZTlszq1pa3draOWUvYf0A-80A7Guvq8uL-dsLK8s1Df5vdGUMKzpyP-5HDknjKxn1TknTDKnHDYsWbQsW9OsWTKnT78IyQ_THD8nTDYnW9zTgVqTHDknjTvTH9Qmh7-nHEzsHu-rymVPAn3uad6nWwbsHb1uhcdrj76rAP6nTDQn1TQnyF-ujNzmhmknWb3&tid=81bae142-6e9f-4c8d-a24d-93fb581a8ca0
【合租】唐镇 绿波城 5室主卧,绿波城,b'2480',http://bj.58.com///legoclick.58.com/cpaclick?target=pZwY0jCfsLPCsWN3shPfUiqkpyOkmy-MUvOMXgNfn1EOPW0vPjDLP1nQnjF3sMPCIAd_TyEVmW76njKBnHmVrHELnaYYnvc1sHb1nhcVnAFBuW9zP1TQmHN1THEdnWEYPW9OPHcdnWm1TED1PjbvP1mYnH0Ln1Dkn9DvnjTknjTKPWTknjTkTH0knHnYTHcKnHN1PW91PW0kPHTdnkDznT7AEzdkmzd_pgPYUARhITDQTHDKTiYQTEDzPjbzP1TzPWbznHELPjEKnTDQnHczrjCQnjTkg1nknjTKnEDYPvD3uANkuBYzuWPhsHELmHbVmhckmBYOnvEYuHRBrHE1nHcKnWNQnHnYPW0knWmLPjT3THcdnHD1PjmLnjcYrjbvrTDKPjc3n9DzTHD8nTDKsEDKTy6YIZTlszq1pa3draOWUvYf0A-80A7Guvq8uL-dsLK8s1Df5vdGUMKzpyP-5HDknjKxn1TknTDKnHDYsWbQsW9OsWTKnT78IyQ_THD8nTDYnW9zTgVqTHDknjTvTH9knyELmhn1sHbYm1cVPju-riYOuW-6sH93P1DLrH0LPWTvPkDLrH7-n1F6myw6nhEdPyP-&tid=801d7bc3-94c2-46e9-9f9a-887179776067
